0,0,Name0,Description0
11,1,1Name1,Description1
12,1,1Name2,Description2
13,1,1Name3,Description3
14,1,1Name4,Description4
15,1,1Name5,Description5
16,1,1Name6,Description6
17,1,1Name7,Description7
18,1,1Name8,Description8
19,1,1Name9,Description9
110,1,1Name10,Description10
21,2,2Name1,Description1
22,2,2Name2,Description2
23,2,2Name3,Description3
24,2,2Name4,Description4
25,2,2Name5,Description5
26,2,2Name6,Description6
27,2,2Name7,Description7
28,2,2Name8,Description8
29,2,2Name9,Description9
210,2,2Name10,Description10
31,3,3Name1,Description1
32,3,3Name2,Description2
33,3,3Name3,Description3
34,3,3Name4,Description4
35,3,3Name5,Description5
36,3,3Name6,Description6
37,3,3Name7,Description7
38,3,3Name8,Description8
39,3,3Name9,Description9
310,3,3Name10,Description10
41,4,4Name1,Description1
42,4,4Name2,Description2
43,4,4Name3,Description3
44,4,4Name4,Description4
45,4,4Name5,Description5
46,4,4Name6,Description6
47,4,4Name7,Description7
48,4,4Name8,Description8
49,4,4Name9,Description9
410,4,4Name10,Description10
51,5,5Name1,Description1
52,5,5Name2,Description2
53,5,5Name3,Description3
54,5,5Name4,Description4
55,5,5Name5,Description5
56,5,5Name6,Description6
57,5,5Name7,Description7
58,5,5Name8,Description8
59,5,5Name9,Description9
510,5,5Name10,Description10
61,6,6Name1,Description1
62,6,6Name2,Description2
63,6,6Name3,Description3
64,6,6Name4,Description4
65,6,6Name5,Description5
66,6,6Name6,Description6
67,6,6Name7,Description7
68,6,6Name8,Description8
69,6,6Name9,Description9
610,6,6Name10,Description10
71,7,7Name1,Description1
72,7,7Name2,Description2
73,7,7Name3,Description3
74,7,7Name4,Description4
75,7,7Name5,Description5
76,7,7Name6,Description6
77,7,7Name7,Description7
78,7,7Name8,Description8
79,7,7Name9,Description9
710,7,7Name10,Description10
81,8,8Name1,Description1
82,8,8Name2,Description2
83,8,8Name3,Description3
84,8,8Name4,Description4
85,8,8Name5,Description5
86,8,8Name6,Description6
87,8,8Name7,Description7
88,8,8Name8,Description8
89,8,8Name9,Description9
810,8,8Name10,Description10
91,9,9Name1,Description1
92,9,9Name2,Description2
93,9,9Name3,Description3
94,9,9Name4,Description4
95,9,9Name5,Description5
96,9,9Name6,Description6
97,9,9Name7,Description7
98,9,9Name8,Description8
99,9,9Name9,Description9
910,9,9Name10,Description10
101,10,10Name1,Description1
102,10,10Name2,Description2
103,10,10Name3,Description3
104,10,10Name4,Description4
105,10,10Name5,Description5
106,10,10Name6,Description6
107,10,10Name7,Description7
108,10,10Name8,Description8
109,10,10Name9,Description9
1010,10,10Name10,Description10
